Symbol,Series,Date,Prev Close,Open Price,High Price,Low Price,Last Price,Close Price,Average Price,Total Traded Quantity,Turnover,No. of Trades,Deliverable Qty,% Dly Qt to Traded Qty
HEXAWARE,EQ,25-Apr-17,220.2,221.85,225.85,220,224.8,224.95,223.11,2213006,493754716.7,36423,1062400,48.01
HEXAWARE,EQ,26-Apr-17,224.95,225.9,226.5,220.55,222.9,223,223.65,839443,187739230.2,11899,263875,31.43
HEXAWARE,EQ,27-Apr-17,223,223.4,233,220.45,232.7,230.7,228.53,1690264,386273216.6,18766,482512,28.55
HEXAWARE,EQ,28-Apr-17,230.7,232.5,233.95,227.55,231,231.05,231.08,1209090,279396553.1,13371,491739,40.67
HEXAWARE,EQ,02-May-17,231.05,233.2,235.75,226.2,229.5,227.5,231.05,1241223,286782412.3,19881,499922,40.28
HEXAWARE,EQ,03-May-17,227.5,229.9,236,227.3,234.4,234.9,233.17,837889,195367036.5,9757,227004,27.09
HEXAWARE,EQ,04-May-17,234.9,235,240.45,234.9,239.95,239.3,237.91,1551356,369088166.1,30892,665137,42.87
HEXAWARE,EQ,05-May-17,239.3,239.5,241.9,235.15,237.95,239.3,239.3,1005780,240686152.6,21990,509533,50.66
HEXAWARE,EQ,08-May-17,239.3,239.5,250.6,236.5,249.05,249.65,245.88,1909728,469556286.8,30455,918679,48.11
HEXAWARE,EQ,09-May-17,249.65,251.9,252.5,247,251.65,250.7,250.2,1090953,272953669.3,24794,452144,41.44
HEXAWARE,EQ,10-May-17,250.7,249.15,253,244,247.8,249.05,250.21,838315,209750928.8,12926,270973,32.32
HEXAWARE,EQ,11-May-17,249.05,249.2,256.3,248.05,251.5,251.2,253.23,1378482,349069797.3,16718,544593,39.51
HEXAWARE,EQ,12-May-17,251.2,250.2,252.8,248,249.05,249.3,250.13,435925,109036640.5,5416,64939,14.9
HEXAWARE,EQ,15-May-17,249.3,250.8,256.4,249.45,255.75,255.35,253.79,615314,156158461.3,14866,138791,22.56
HEXAWARE,EQ,16-May-17,255.35,252.8,257,251.45,257,255.9,254.3,551606,140271247,9576,107589,19.5
HEXAWARE,EQ,17-May-17,255.9,253.5,257.05,250.1,253,251.25,253.08,588584,148960199.3,8056,120026,20.39
HEXAWARE,EQ,18-May-17,251.25,249.2,261.45,248.1,254.7,255.65,256.57,1830112,469553396.7,21054,412794,22.56
HEXAWARE,EQ,19-May-17,255.65,256.65,257.45,250.3,253.4,252.35,252.58,1122473,283514582.8,30349,451157,40.19
HEXAWARE,EQ,22-May-17,252.35,254.8,259.75,251.6,253.8,255.25,255.62,500801,128014885.4,6337,110138,21.99
HEXAWARE,EQ,23-May-17,255.25,254.8,255,241.55,242.15,245.5,249.09,587318,146296742,7039,67879,11.56
HEXAWARE,EQ,24-May-17,245.5,246.25,254.3,238.8,246,245.65,246.14,1283765,315985067.7,11747,235807,18.37
HEXAWARE,EQ,25-May-17,245.65,249,253.25,246.05,252.2,252.25,250.03,531919,132995542.2,6278,127987,24.06
HEXAWARE,EQ,26-May-17,252.25,250,256.5,250,251.85,252.35,253.28,524537,132856728.7,12996,69933,13.33
HEXAWARE,EQ,29-May-17,252.35,252,252.1,244.9,246.2,247.25,248.6,438635,109042891.4,11139,38585,8.8
HEXAWARE,EQ,30-May-17,247.25,247.5,247.5,228,233.65,236.25,236.21,1206075,284889857.3,12531,356826,29.59
HEXAWARE,EQ,31-May-17,236.25,233.9,237.3,231,234.5,235,234.9,728360,171088866.1,19470,223112,30.63
HEXAWARE,EQ,01-Jun-17,235,236,243.5,234.35,243.5,242.2,239.87,509251,122152902.4,7026,147017,28.87
HEXAWARE,EQ,02-Jun-17,242.2,243,244.7,238.55,243.35,242.75,241.52,436802,105495700.5,10439,97968,22.43
HEXAWARE,EQ,05-Jun-17,242.75,240.85,256,240.85,254.2,253,250.61,946140,237115477.6,18718,131369,13.88
HEXAWARE,EQ,06-Jun-17,253,253.2,267.75,250.75,260.2,259.6,262.2,2951784,773958889,44260,671117,22.74
HEXAWARE,EQ,07-Jun-17,259.6,261.8,261.8,241.55,246,245.45,247.22,2830622,699775240.9,29739,370934,13.1
HEXAWARE,EQ,08-Jun-17,245.45,246.2,247.3,237,244,243.15,242,1457712,352769260.1,19814,287112,19.7
HEXAWARE,EQ,09-Jun-17,243.15,244.9,245.95,236.25,238,239.6,241.85,860213,208038733.1,13273,294055,34.18
HEXAWARE,EQ,12-Jun-17,239.6,238,245.9,236.25,239.45,239.6,240.26,1153491,277132063.2,16642,216674,18.78
HEXAWARE,EQ,13-Jun-17,239.6,238.6,246.25,236.75,240.1,241.65,241,1713051,412847008.6,13359,498702,29.11
HEXAWARE,EQ,14-Jun-17,241.65,235,242,228.1,241.8,237.55,233.82,4894287,1144398124,37313,161138,3.29
HEXAWARE,EQ,15-Jun-17,237.55,238.9,250.3,237.2,249,248.8,244.16,1548267,378020798.2,15388,189790,12.26
HEXAWARE,EQ,16-Jun-17,248.8,246.75,254.8,246.05,250.75,251.45,251.15,1227512,308293027,14228,146384,11.93
HEXAWARE,EQ,19-Jun-17,251.45,250,253.5,246.2,247.85,249.35,251.2,498482,125216618.6,8493,89424,17.94
HEXAWARE,EQ,20-Jun-17,249.35,248,259,246.15,257,257.35,253.55,1172053,297171756.8,20434,254313,21.7
HEXAWARE,EQ,21-Jun-17,257.35,257,262,255.05,261.95,259.45,258.26,945662,244228572.5,15508,285474,30.19
HEXAWARE,EQ,22-Jun-17,259.45,261.95,262,249.8,251.7,251.9,255.04,753166,192087971.7,18373,174271,23.14
HEXAWARE,EQ,23-Jun-17,251.9,252,254.35,244.7,248.05,247,248.89,661349,164601848,10748,74481,11.26
HEXAWARE,EQ,27-Jun-17,247,250,251.25,243.1,246.8,246.05,247.61,843963,208977226.3,16261,62122,7.36
HEXAWARE,EQ,28-Jun-17,246.05,246,248.65,240.1,243.35,242.1,243.99,781335,190637552.1,12431,156244,20
HEXAWARE,EQ,29-Jun-17,242.1,243.1,250.8,243.1,247.5,247.45,246,859412,211415891.6,8224,99188,11.54
HEXAWARE,EQ,30-Jun-17,247.45,246.2,246.7,241,241.45,242.25,243.36,538873,131138511.9,4894,114927,21.33
HEXAWARE,EQ,03-Jul-17,242.25,241.55,244,237.75,239.4,240,240.24,713379,171384310.2,18749,159479,22.36
HEXAWARE,EQ,04-Jul-17,240,239.5,244.6,237.05,241.5,241.6,242.34,774504,187691684.4,11597,60148,7.77
HEXAWARE,EQ,05-Jul-17,241.6,242,244.2,239.3,240.05,240.4,241.58,492190,118901678.9,10474,78829,16.02
HEXAWARE,EQ,06-Jul-17,240.4,240.85,242.75,238.55,239.4,239.95,240.46,363321,87363816.1,8727,63013,17.34
HEXAWARE,EQ,07-Jul-17,239.95,240.2,243,236,238.75,237.85,239.66,371320,88992194.9,5801,50179,13.51
HEXAWARE,EQ,10-Jul-17,237.85,240,245.95,237.85,245.7,244.65,244.01,270200,65932244.7,2306,155021,57.37
HEXAWARE,EQ,11-Jul-17,244.65,246,255,245.3,251.7,252.4,252.42,1398901,353112701,23177,186015,13.3
HEXAWARE,EQ,12-Jul-17,252.4,256.45,256.45,249.75,251.4,252.3,251.82,904956,227881964.8,17394,188102,20.79
HEXAWARE,EQ,13-Jul-17,252.3,253,253.15,244.9,246.3,246.6,247.95,648227,160724790.8,15856,99888,15.41
HEXAWARE,EQ,14-Jul-17,246.6,247.55,249,239.35,241.95,242.05,242.5,888220,215397055.1,15319,352295,39.66
HEXAWARE,EQ,17-Jul-17,242.05,242.15,247.25,239.65,243.25,243.25,243.7,935138,227894377.6,15109,355674,38.03
HEXAWARE,EQ,18-Jul-17,243.25,243.5,249.1,241.25,245,244,245.84,1059874,260562366.9,22831,247254,23.33
HEXAWARE,EQ,19-Jul-17,244,244.95,249.05,242.1,248,247.75,246.47,918931,226490526.3,16767,193849,21.1
HEXAWARE,EQ,20-Jul-17,247.75,249.8,249.8,244,245.8,245.1,246.02,558004,137280891,15157,55127,9.88
HEXAWARE,EQ,21-Jul-17,245.1,246.2,247.4,239.9,243.7,242.75,243.06,610422,148371595.4,12701,235489,38.58
HEXAWARE,EQ,24-Jul-17,242.75,243.25,245.2,239.4,242.4,242.35,242.41,897370,217532619,26177,216903,24.17
HEXAWARE,EQ,25-Jul-17,242.35,243,248.6,240,247.5,247.55,245.13,733314,179757094.2,15124,140660,19.18
HEXAWARE,EQ,26-Jul-17,247.55,249.5,258.3,248.45,256.4,256.25,254.94,2355296,600467072.2,30612,869592,36.92
HEXAWARE,EQ,27-Jul-17,256.25,257.05,260,249.95,258,258.15,255.71,1924210,492035499.2,22893,626615,32.56
HEXAWARE,EQ,28-Jul-17,258.15,257.85,262.75,253.8,259.95,260.25,259.25,1423210,368973338.9,19804,262249,18.43
HEXAWARE,EQ,31-Jul-17,260.25,260.1,264.9,258.5,262.75,261.95,262.42,1592712,417956887.1,12219,243677,15.3
HEXAWARE,EQ,01-Aug-17,261.95,265.4,267.2,255,255.25,256.45,258.86,3276195,848082560.8,24178,1300585,39.7
HEXAWARE,EQ,02-Aug-17,256.45,255.45,255.85,248.05,248.5,249.75,252.34,953926,240714082.8,14706,143664,15.06
HEXAWARE,EQ,03-Aug-17,249.75,248.05,255.4,245.55,246.65,246.5,250.75,948075,237728785,12301,155880,16.44
HEXAWARE,EQ,04-Aug-17,246.5,245.85,254,242.4,251.4,252.1,250.09,845354,211413905.7,11924,172414,20.4
HEXAWARE,EQ,07-Aug-17,252.1,251.75,255.2,250,253.9,253.55,253.56,583922,148060069,8287,101235,17.34
HEXAWARE,EQ,08-Aug-17,253.55,252.7,263.9,252.5,262,261.4,259.82,1856992,482481147.5,31298,510660,27.5
HEXAWARE,EQ,09-Aug-17,261.4,259.45,263.65,257,259.4,260.2,259.99,648819,168684538.7,10318,121335,18.7
HEXAWARE,EQ,10-Aug-17,260.2,257.1,263.75,250.1,256,253.75,257.94,1041495,268639859,15476,176245,16.92
HEXAWARE,EQ,11-Aug-17,253.75,253,258.95,246.2,253.7,254.5,253.97,562405,142832490.2,7493,93124,16.56
HEXAWARE,EQ,14-Aug-17,254.5,254.5,268.8,254.5,263.5,263.5,264.56,1711155,452696764.5,24989,410467,23.99
HEXAWARE,EQ,16-Aug-17,263.5,266,268.2,262.05,265.8,264.45,265.04,909405,241024866.9,16074,198925,21.87
HEXAWARE,EQ,17-Aug-17,264.45,267.5,281.9,265.8,277.15,278.25,275.94,3283152,905950332.4,31284,443160,13.5
HEXAWARE,EQ,18-Aug-17,278.25,277.2,280.8,271.1,272.4,273.75,276.19,1650198,455767076.3,16631,332109,20.13
HEXAWARE,EQ,21-Aug-17,273.75,271.7,275.75,264.35,265.8,265.65,268.88,805392,216549789.1,9983,122995,15.27
HEXAWARE,EQ,22-Aug-17,265.65,266,271.05,261.2,265.85,265.1,265.67,1006519,267403581.4,11917,156540,15.55
HEXAWARE,EQ,23-Aug-17,265.1,268,270.4,265.9,269.85,269,268.6,960961,258118452.5,11326,208821,21.73
HEXAWARE,EQ,24-Aug-17,269,269.85,277.45,268.45,273.85,274.15,275.2,1622377,446470419.5,17012,390686,24.08
HEXAWARE,EQ,28-Aug-17,274.15,276.6,277.15,271.2,272.95,274,274.23,656392,180002675.9,9344,192589,29.34
HEXAWARE,EQ,29-Aug-17,274,272.05,275.7,266.75,271.4,270.05,272.37,818894,223045307.7,13476,184154,22.49
HEXAWARE,EQ,30-Aug-17,270.05,272,276.45,271.1,274.05,273.95,274.14,553226,151660983.5,7664,139814,25.27
HEXAWARE,EQ,31-Aug-17,273.95,276,280.8,271.55,273,273.2,275.31,2396096,659678090.8,22343,346612,14.47
HEXAWARE,EQ,01-Sep-17,273.2,273.1,274,268.1,270.8,270.75,271.29,600177,162823852.6,5866,118385,19.73
HEXAWARE,EQ,04-Sep-17,270.75,271.5,273.15,265.1,268,268.3,268.48,378506,101620358,4140,46004,12.15
HEXAWARE,EQ,05-Sep-17,268.3,268.5,275.45,266.25,274.5,274.75,272.1,1486174,404391241.6,13199,198051,13.33
HEXAWARE,EQ,06-Sep-17,274.75,273.9,273.9,268.25,269.9,270,271,741600,200976224.7,11918,99697,13.44
HEXAWARE,EQ,07-Sep-17,270,270.1,274.1,269.55,271.75,271.9,271.52,584700,158755745.7,15478,165639,28.33
HEXAWARE,EQ,08-Sep-17,271.9,273.65,275.65,269.3,270,271.75,272.65,500311,136408348.6,7529,115063,23
HEXAWARE,EQ,11-Sep-17,271.75,272.1,274.8,270.8,272.9,271.8,272.86,735780,200767299.8,12818,75549,10.27
HEXAWARE,EQ,12-Sep-17,271.8,273.35,275.15,272,273,273.55,273.51,751954,205663405.3,13406,63410,8.43
HEXAWARE,EQ,13-Sep-17,273.55,274,280.5,273.6,274.7,275.55,277.69,1369157,380206125,16143,364437,26.62
HEXAWARE,EQ,14-Sep-17,275.55,275.2,278.65,273.55,274.9,275.1,275.96,862872,238118044.9,17543,233095,27.01
HEXAWARE,EQ,15-Sep-17,275.1,275.5,279,274.1,278.2,277.95,276.84,979499,271162101.7,13634,393737,40.2
HEXAWARE,EQ,18-Sep-17,277.95,280,283.05,278.2,278.4,279.65,280.94,651430,183010107.3,9681,165198,25.36
HEXAWARE,EQ,19-Sep-17,279.65,279.85,281.4,276.85,278.6,278.7,278.98,722196,201475554.5,9714,112810,15.62
HEXAWARE,EQ,20-Sep-17,278.7,282,284.2,274,274.25,275.45,277.1,719991,199511000.6,9480,322215,44.75
HEXAWARE,EQ,21-Sep-17,275.45,275,277.05,269.25,273.6,273.1,273.1,667406,182268285.3,9049,66858,10.02
HEXAWARE,EQ,22-Sep-17,273.1,271.1,274.65,266.7,268.15,268.35,271.07,916290,248374610.3,13895,97849,10.68
HEXAWARE,EQ,25-Sep-17,268.35,270,271,260.6,265,264.95,264.09,503567,132988004.8,6452,107257,21.3
HEXAWARE,EQ,26-Sep-17,264.95,265.15,270.85,262,269.3,269.3,265.4,792440,210314037.6,11224,74392,9.39
HEXAWARE,EQ,27-Sep-17,269.3,269.6,271.75,259,259,260.2,266.14,404066,107536786.5,5457,63706,15.77
HEXAWARE,EQ,28-Sep-17,260.2,260,269.4,259.1,268.45,266.95,264.96,743297,196943886,14610,179184,24.11
HEXAWARE,EQ,29-Sep-17,266.95,271.3,272.5,266.1,271.3,269.85,269.49,461245,124302249.5,13991,148872,32.28
HEXAWARE,EQ,03-Oct-17,269.85,269.85,272.65,262.8,264,264.65,266.1,403442,107356723.5,5951,102551,25.42
HEXAWARE,EQ,04-Oct-17,264.65,265,269.35,261.55,266.95,266.85,265.29,663826,176109713.3,9423,45878,6.91
HEXAWARE,EQ,05-Oct-17,266.85,265.1,269.95,262.6,264.45,264.95,264.86,456736,120972127.7,4676,31111,6.81
HEXAWARE,EQ,06-Oct-17,264.95,265.35,267.9,263.1,265,265.6,265.77,296410,78776956.25,5115,47783,16.12
HEXAWARE,EQ,09-Oct-17,265.6,265.8,268.5,262.8,267.9,266.1,265.49,394659,104778465,5538,34983,8.86
HEXAWARE,EQ,10-Oct-17,266.1,267.7,280.9,264.3,280,279.25,274.82,1457648,400590557.1,19502,174915,12
HEXAWARE,EQ,11-Oct-17,279.25,279.9,280.45,265.3,266.5,267.6,273.34,1389337,379765153,23365,315041,22.68
HEXAWARE,EQ,12-Oct-17,267.6,268.7,279.8,267.55,276,275.2,272.93,872575,238151283.8,11289,116836,13.39
HEXAWARE,EQ,13-Oct-17,275.2,275,278.1,272.55,275.4,275.7,275.39,467852,128843321.8,7863,132730,28.37
HEXAWARE,EQ,16-Oct-17,275.7,277.9,277.9,270.15,277.3,276.9,274.39,542863,148956849.3,12985,57381,10.57
HEXAWARE,EQ,17-Oct-17,276.9,275.4,283.1,275,280.6,280.85,280.32,848196,237767441.5,10739,139120,16.4
HEXAWARE,EQ,18-Oct-17,280.85,281.8,286.25,281.45,284.4,285.05,284.29,990638,281630790.5,21036,216212,21.83
HEXAWARE,EQ,19-Oct-17,285.05,286,287.75,277.45,282.5,281.4,283.48,226317,64155844.65,2514,59895,26.47
HEXAWARE,EQ,23-Oct-17,281.4,281.4,286,280,284.75,283.7,283.63,437493,124086313.5,16193,198489,45.37
HEXAWARE,EQ,24-Oct-17,283.7,283.7,290.8,282.85,289.05,289.1,287.59,781532,224761795,14409,332337,42.52
HEXAWARE,EQ,25-Oct-17,289.1,291,293.7,285.15,287.45,289.7,290.18,984781,285762948.3,14968,275072,27.93
HEXAWARE,EQ,26-Oct-17,289.7,287,292.4,282,284.15,284.5,287.97,924060,266099373.5,21923,367788,39.8
HEXAWARE,EQ,27-Oct-17,284.5,284.5,287,281.75,283.65,283.7,283.86,346886,98465720.5,5133,29180,8.41
HEXAWARE,EQ,30-Oct-17,283.7,284.8,293.6,284,293,292.25,288.77,548545,158404347.9,14542,73818,13.46
HEXAWARE,EQ,31-Oct-17,292.25,293,293.1,283.9,284.5,284.8,287.69,400850,115320303.7,5955,57148,14.26
HEXAWARE,EQ,01-Nov-17,284.8,287,288.8,274.55,275,281.15,283.32,844290,239208423.9,9494,134701,15.95
HEXAWARE,EQ,02-Nov-17,281.15,286.9,322,286,317.55,318.95,311.26,9008065,2803856541,82013,661984,7.35
HEXAWARE,EQ,03-Nov-17,318.95,313,321.25,312.25,316.65,316.05,316.26,1529550,483739077.3,18987,218376,14.28
HEXAWARE,EQ,06-Nov-17,316.05,314.75,324.9,313.3,319.6,320.15,320.82,972149,311886992.1,14018,290982,29.93
HEXAWARE,EQ,07-Nov-17,320.15,320.15,344.3,317.85,335.25,335.4,335.84,4474707,1502790681,46075,577481,12.91
HEXAWARE,EQ,08-Nov-17,335.4,336,342.5,328,341.3,337.15,336.96,1810909,610206368.5,20821,233616,12.9
HEXAWARE,EQ,09-Nov-17,337.15,340,345.8,335,344.55,344.65,341.74,1570968,536864836,19494,289830,18.45
HEXAWARE,EQ,10-Nov-17,344.65,345,345,335.8,339,339.2,340.14,667274,226965459.6,9930,162736,24.39
HEXAWARE,EQ,13-Nov-17,339.2,339.2,347.9,337.55,344.25,344.4,344.25,1029189,354294229.7,17519,236040,22.93
HEXAWARE,EQ,14-Nov-17,344.4,346.9,349.2,340.55,342,342.95,344.98,822048,283586356.6,11526,86427,10.51
HEXAWARE,EQ,15-Nov-17,342.95,340,343.45,332.65,334.8,335.55,338.08,506794,171335841.2,7786,56609,11.17
HEXAWARE,EQ,16-Nov-17,335.55,334.8,339.3,325.5,335.15,335.55,331.22,1174924,389156692.4,15031,106710,9.08
HEXAWARE,EQ,17-Nov-17,335.55,335.55,341.75,329,330.55,330.5,331.97,1096910,364146225.8,9829,499922,45.58
HEXAWARE,EQ,20-Nov-17,330.5,331.1,332.55,326.4,330,330.35,329.35,825062,271731264.3,8217,378308,45.85
HEXAWARE,EQ,21-Nov-17,330.35,331.5,336.65,327,335.75,335.45,332.91,1565731,521249951.7,18140,594922,38
HEXAWARE,EQ,22-Nov-17,335.45,339,339.8,330.5,331.05,331.75,334.48,1031869,345140079.8,18995,374540,36.3
HEXAWARE,EQ,23-Nov-17,331.75,331,336.55,327.2,328.5,328.95,331.77,779418,258590149,20148,132991,17.06
HEXAWARE,EQ,24-Nov-17,328.95,330.1,332.15,323.4,324.75,325.9,329.12,719480,236792761,8725,239095,33.23
HEXAWARE,EQ,27-Nov-17,325.9,323.25,328,321.65,323.9,323.65,324.68,810221,263064048.1,9461,138880,17.14
HEXAWARE,EQ,28-Nov-17,323.65,324.05,325.8,315.4,318,318.1,321.18,941955,302541366.9,12347,182471,19.37
HEXAWARE,EQ,29-Nov-17,318.1,319.45,339,318.1,335,337,332.37,3517416,1169072769,32543,479491,13.63
HEXAWARE,EQ,30-Nov-17,337,334.85,343,333,337,337.1,338.3,2263834,765847724.2,25183,479702,21.19
HEXAWARE,EQ,01-Dec-17,337.1,337.95,346.7,336.55,339.65,339.35,342.63,1219969,418002802.3,16871,166281,13.63
HEXAWARE,EQ,04-Dec-17,339.35,333,338.35,330.5,334.2,334.4,333.82,757474,252858567,10376,76718,10.13
HEXAWARE,EQ,05-Dec-17,334.4,332,349.9,332,344.75,344.15,344.62,3124041,1076616264,30281,281864,9.02
HEXAWARE,EQ,06-Dec-17,344.15,343.85,343.85,333.85,335.4,335.45,338.19,1675051,566484141.2,21979,476692,28.46
HEXAWARE,EQ,07-Dec-17,335.45,337.5,339.55,327.95,329,330.65,333.84,1177368,393058295.5,13074,342602,29.1
HEXAWARE,EQ,08-Dec-17,330.65,330.45,334.85,328,330,330.1,331.65,754615,250266297.3,9197,226797,30.05
HEXAWARE,EQ,11-Dec-17,330.1,332.6,333.9,322.05,328.95,329,329.74,1391416,458799381.1,19231,215632,15.5
HEXAWARE,EQ,12-Dec-17,329,329,333.95,320.35,322,323.3,329.9,937420,309250574.6,23577,252086,26.89
HEXAWARE,EQ,13-Dec-17,323.3,323.8,331.9,318,318.4,320.25,325.78,2587297,842901823.1,34127,579488,22.4
HEXAWARE,EQ,14-Dec-17,320.25,324.15,327.25,320.95,324.95,325.75,324.33,1647745,534416497.4,19920,305139,18.52
HEXAWARE,EQ,15-Dec-17,325.75,328.2,330,318.15,318.95,320.4,324.45,1284739,416830343.6,15514,442614,34.45
HEXAWARE,EQ,18-Dec-17,320.4,318.15,327.9,314.55,325.9,322.15,323,1356915,438285701,23455,428079,31.55
HEXAWARE,EQ,19-Dec-17,322.15,322.9,329.95,322.9,326.9,327.1,327.08,1056238,345478767.3,14738,328009,31.05
HEXAWARE,EQ,20-Dec-17,327.1,327.95,330.5,321.4,324.65,324.55,328.15,1141482,374575762.3,21613,421604,36.93
HEXAWARE,EQ,21-Dec-17,324.55,326.5,330,324,330,329.6,328.26,819440,268991072.7,10584,296898,36.23
HEXAWARE,EQ,22-Dec-17,329.6,333,344.75,331.5,336.45,336.25,339.5,3110155,1055888578,27501,343243,11.04
HEXAWARE,EQ,26-Dec-17,336.25,337.5,339.4,331.15,335.6,337.1,334.92,775779,259826049,6950,144940,18.68
HEXAWARE,EQ,27-Dec-17,337.1,336.9,337.9,332,334.9,335.8,334.87,664192,222417338.7,5160,184593,27.79
HEXAWARE,EQ,28-Dec-17,335.8,335.95,343.65,334.9,337.55,338.7,339.63,991143,336620966,9125,196615,19.84
HEXAWARE,EQ,29-Dec-17,338.7,338.7,342.55,336.05,339.05,340.65,339.8,598487,203366981.5,4947,104866,17.52
HEXAWARE,EQ,01-Jan-18,340.65,340.65,346.25,340,342.85,341.65,343.65,792011,272177341,7838,176578,22.29
HEXAWARE,EQ,02-Jan-18,341.65,344.45,346.3,338.7,341.4,341.1,342.55,620289,212478417.6,6186,71945,11.6
HEXAWARE,EQ,03-Jan-18,341.1,343.9,352.5,343.15,350.5,350.4,349.64,1735291,606731675.1,18330,229318,13.21
HEXAWARE,EQ,04-Jan-18,350.4,352,354.15,349.05,352.65,352,351.17,922787,324053511.7,11516,245189,26.57
HEXAWARE,EQ,05-Jan-18,352,350.7,360,350.7,360,358.7,357.48,1180162,421881531.3,14764,411895,34.9
HEXAWARE,EQ,08-Jan-18,358.7,359.8,365.8,359.45,363.5,363.85,363.48,1218446,442877391.8,14766,299454,24.58
HEXAWARE,EQ,09-Jan-18,363.85,363.5,364.5,358.45,360.4,360.8,361.35,506078,182871709.8,14192,146197,28.89
HEXAWARE,EQ,10-Jan-18,360.8,360.8,366.1,354.1,361.25,362.4,360.49,1132830,408376806.2,15717,271072,23.93
HEXAWARE,EQ,11-Jan-18,362.4,362.5,364.65,358.7,360.1,361,361.42,890101,321699282.6,19669,356436,40.04
HEXAWARE,EQ,12-Jan-18,361,363.45,366.3,357.75,359.55,358.85,362.88,1003115,364010307.5,16388,393896,39.27
HEXAWARE,EQ,15-Jan-18,358.85,365,365,358.15,358.6,358.8,360.77,569190,205347772.4,8078,260354,45.74
HEXAWARE,EQ,16-Jan-18,358.8,356.55,363,355.6,357.55,357.75,358.99,913451,327915950.6,9949,281858,30.86
HEXAWARE,EQ,17-Jan-18,357.75,359.9,362.95,355.7,357.2,357.75,359.35,1059478,380726940.7,19351,443742,41.88
HEXAWARE,EQ,18-Jan-18,357.75,360,366.85,343.6,348.05,347,353.38,780712,275885281.8,15056,251095,32.16
HEXAWARE,EQ,19-Jan-18,347,347.95,354.3,346.5,349.95,350.4,350.18,640391,224251614.9,11721,255468,39.89
HEXAWARE,EQ,22-Jan-18,350.4,352.4,353.9,347.05,351.55,352.2,351.17,950416,333761621.9,23666,372215,39.16
HEXAWARE,EQ,23-Jan-18,352.2,354,365.55,350.9,362.9,363.45,357.99,1251613,448066502.8,25460,454001,36.27
HEXAWARE,EQ,24-Jan-18,363.45,368,394.5,363.5,387.25,389.95,381.7,6480046,2473417133,69054,874777,13.5
HEXAWARE,EQ,25-Jan-18,389.95,389.9,391.8,377.15,380.4,381.35,383.9,2220846,852575827.1,27986,472654,21.28
HEXAWARE,EQ,29-Jan-18,381.35,382.4,390.8,372,373,373.85,382.65,2367291,905853862.6,22342,440916,18.63
HEXAWARE,EQ,30-Jan-18,373.85,370.2,384,370.2,382.2,382.75,379.79,1573593,597630180,20214,382597,24.31
HEXAWARE,EQ,31-Jan-18,382.75,380.3,386,374.65,380.6,381.4,381.37,1189566,453669463.3,24119,211708,17.8
HEXAWARE,EQ,01-Feb-18,381.4,382,385.2,373.95,379.2,379.4,380.47,958966,364855654.7,20965,309334,32.26
HEXAWARE,EQ,02-Feb-18,379.4,375.5,382,361.05,368,370.05,372.62,916712,341585011.2,12515,157425,17.17
HEXAWARE,EQ,05-Feb-18,370.05,365.05,375,360.1,370.85,370.8,368.96,550826,203235289.5,8165,61832,11.23
HEXAWARE,EQ,06-Feb-18,370.8,357.8,371.6,356,367.75,368.8,364.98,861156,314307205,18884,194536,22.59
HEXAWARE,EQ,07-Feb-18,368.8,372.9,373.95,352.15,355.05,355.55,364.31,938599,341938235.4,14645,172509,18.38
HEXAWARE,EQ,08-Feb-18,355.55,351.8,354,333.6,337.75,337.35,340.54,3198445,1089195533,31459,258509,8.08
HEXAWARE,EQ,09-Feb-18,337.35,324,344.85,324,338.75,341.2,336.04,1971739,662587041.6,30346,389824,19.77
HEXAWARE,EQ,12-Feb-18,341.2,340,346.65,326.45,327.5,329.55,338.37,1244080,420958107.2,19159,320304,25.75
HEXAWARE,EQ,14-Feb-18,329.55,333,336.9,328.25,330.25,330.2,331.38,1135496,376280838.7,12380,228855,20.15
HEXAWARE,EQ,15-Feb-18,330.2,332.7,339.85,329.15,333.05,332.15,335.37,1252610,420085064,16708,220477,17.6
HEXAWARE,EQ,16-Feb-18,332.15,335,338.5,331.3,334,333.3,334.68,759023,254030234.6,10233,141634,18.66
HEXAWARE,EQ,19-Feb-18,333.3,333.5,335,325.1,333.05,331.45,330.92,503454,166601635.4,6943,74908,14.88
HEXAWARE,EQ,20-Feb-18,331.45,333,337.85,330.3,332.5,333.05,334.75,533980,178748715.5,6760,50859,9.52
HEXAWARE,EQ,21-Feb-18,333.05,337.45,347.75,334.6,345.05,345.85,343.49,2165646,743887206.8,29551,311240,14.37
HEXAWARE,EQ,22-Feb-18,345.85,344.85,354.55,343.05,351.95,351.9,351.11,3003999,1054742299,51640,791284,26.34
HEXAWARE,EQ,23-Feb-18,351.9,353.8,357.9,348.1,350.8,352.15,353.06,2015711,711670158.6,61142,497034,24.66
HEXAWARE,EQ,26-Feb-18,352.15,354.8,357.15,341.35,343.55,344.85,349.24,1386953,484375393.3,22275,428712,30.91
HEXAWARE,EQ,27-Feb-18,344.85,343,348.2,342.05,345.85,346.05,345.06,1191931,411287715.4,28556,448253,37.61
HEXAWARE,EQ,28-Feb-18,346.05,345.7,349.15,341.65,346.2,346.1,345.97,786850,272230192.7,18357,262981,33.42
HEXAWARE,EQ,01-Mar-18,346.1,346.6,349,341.75,343.55,343.6,345.92,505044,174702788.5,12576,122548,24.26
HEXAWARE,EQ,05-Mar-18,343.6,342.95,354.9,341.2,354.45,353.45,351.16,1532426,538119931.9,23470,302358,19.73
HEXAWARE,EQ,06-Mar-18,353.45,357.35,357.95,340.4,346.3,344.9,352.07,998703,351612969.5,12611,131808,13.2
HEXAWARE,EQ,07-Mar-18,344.9,344,359.05,344,357.05,355.9,353.13,1834181,647697819.3,23631,334518,18.24
HEXAWARE,EQ,08-Mar-18,355.9,359.5,360,353.65,359,358.35,356.87,1135066,405070191.8,18585,126787,11.17
HEXAWARE,EQ,09-Mar-18,358.35,361.8,366.95,352.75,365,362.6,358.12,920093,329507530.4,13541,199671,21.7
HEXAWARE,EQ,12-Mar-18,362.6,365.9,378.35,363.05,378.05,375.15,369.42,1247253,460765483.3,20659,237869,19.07
HEXAWARE,EQ,13-Mar-18,375.15,377,391.6,371.15,389,384.3,377.48,1335230,504025548.1,18271,180859,13.55
HEXAWARE,EQ,14-Mar-18,384.3,379.9,394.8,375.95,388.85,391.9,384.7,1570998,604356208.1,24670,245859,15.65
HEXAWARE,EQ,15-Mar-18,391.9,389.5,391.4,376.6,377.25,380.25,385.19,1184536,456276412.5,19036,208861,17.63
HEXAWARE,EQ,16-Mar-18,380.25,377.8,377.95,369.15,370.25,370.05,372.57,985079,367010949.4,16610,376619,38.23
HEXAWARE,EQ,19-Mar-18,370.05,370,370,357.05,363.5,361.55,362.54,837971,303795792.8,13145,142864,17.05
HEXAWARE,EQ,20-Mar-18,361.55,359.7,376.35,357.2,373.05,374.45,370.56,1299196,481430474.3,17499,196738,15.14
HEXAWARE,EQ,21-Mar-18,374.45,377,379,371.65,373.75,374.1,375.28,1157888,434532630.6,16123,196854,17
HEXAWARE,EQ,22-Mar-18,374.1,373.7,386.6,372.4,386,385.05,381.59,1606235,612922250,20923,284121,17.69
HEXAWARE,EQ,23-Mar-18,385.05,378.9,380.85,373.4,376.65,377.15,377.19,1379002,520149392.5,27635,154090,11.17
HEXAWARE,EQ,26-Mar-18,377.15,375.2,382.4,370.05,375.25,374.3,378.44,1292546,489152546,14012,152766,11.82
HEXAWARE,EQ,27-Mar-18,374.3,378.9,379.3,366.3,372.15,372.1,372.43,1139014,424208463.2,17221,138234,12.14
HEXAWARE,EQ,28-Mar-18,372.1,369.4,380,367,378.5,376.85,374.16,1468309,549389763.8,14045,140349,9.56
HEXAWARE,EQ,02-Apr-18,376.85,375.7,420,375.6,418,414.45,402.25,3716999,1495162720,39034,353843,9.52
HEXAWARE,EQ,03-Apr-18,414.45,410.85,422.95,404.3,419,419,412.89,2817085,1163154942,33593,210363,7.47
HEXAWARE,EQ,04-Apr-18,419,419,419,393.05,396,396.2,402.76,2461468,991373288.7,27560,501629,20.38
HEXAWARE,EQ,05-Apr-18,396.2,402,405.75,398.25,400.5,400.8,401.5,952005,382233310.4,10728,87285,9.17
HEXAWARE,EQ,06-Apr-18,400.8,401,415.9,399.4,407.45,408.6,410.66,2250601,924229235.7,24394,285981,12.71
HEXAWARE,EQ,09-Apr-18,408.6,406,408.05,400.1,401.2,402.45,403.4,692178,279221547.3,10320,80570,11.64
HEXAWARE,EQ,10-Apr-18,402.45,401.2,410.75,400.5,406.5,404,406.35,994764,404223161.3,11040,87893,8.84
HEXAWARE,EQ,11-Apr-18,404,406,415.2,403.1,408.6,409.4,410.34,1955949,802594454.6,21736,175405,8.97
HEXAWARE,EQ,12-Apr-18,409.4,408,422.5,406.95,414.45,415.6,418.16,2489227,1040882910,28103,309065,12.42
HEXAWARE,EQ,13-Apr-18,415.6,416.3,418.25,408,412.9,412.1,412.56,1579429,651603628.2,15872,169262,10.72
HEXAWARE,EQ,16-Apr-18,412.1,407,418,405.4,416.5,416.75,414.24,1021646,423203223.4,13677,181053,17.72
HEXAWARE,EQ,17-Apr-18,416.75,412.35,416.45,411.1,413.7,413.7,413.56,671351,277643076.1,14691,112115,16.7
HEXAWARE,EQ,18-Apr-18,413.7,415,428.4,413.6,417.95,416.1,423.46,4003152,1695160213,44883,646514,16.15
HEXAWARE,EQ,19-Apr-18,416.1,419.45,422.3,416,420.65,420.7,418.67,744212,311576721.3,9040,116879,15.71
HEXAWARE,EQ,20-Apr-18,420.7,422,439.45,422,434.5,436.05,432.45,3340601,1444646140,37219,438011,13.11
HEXAWARE,EQ,23-Apr-18,436.05,439.75,444.3,432.35,434.6,434.95,438.31,2224608,975070468.5,25982,237616,10.68
HEXAWARE,EQ,24-Apr-18,434.95,435,437,423.6,424.8,425.8,428.57,996401,427025443.8,15463,245464,24.64
HEXAWARE,EQ,25-Apr-18,425.8,425,441.55,424.4,428.65,430.05,435.63,2415055,1052078200,31351,210529,8.72
HEXAWARE,EQ,26-Apr-18,430.05,426.3,436.7,425.4,429.05,428.9,429.82,1606219,690382905.7,20677,270850,16.86
HEXAWARE,EQ,27-Apr-18,428.9,432.1,434.75,422.4,433,433.15,428.97,1274165,546582465.3,10673,325772,25.57
HEXAWARE,EQ,30-Apr-18,433.15,436,450.9,434.45,449.1,448.9,444.68,1939622,862506686.2,26215,394051,20.32
HEXAWARE,EQ,02-May-18,448.9,450,458.2,440.65,452.2,450.95,450.61,1884895,849350738.1,23525,408440,21.67
HEXAWARE,EQ,03-May-18,450.95,452.45,458.05,440.8,455,453.6,450.09,1679540,755950390,27139,365818,21.78
HEXAWARE,EQ,04-May-18,453.6,440,440,382.35,390.8,387.9,402.14,15256895,6135431836,150095,1950196,12.78
HEXAWARE,EQ,07-May-18,387.9,391.85,401.05,382.85,394.55,393.15,391.29,4442933,1738476038,48620,351953,7.92
HEXAWARE,EQ,08-May-18,393.15,397.95,407,392.3,402.05,402.9,401.45,2662736,1068968435,33945,268322,10.08
HEXAWARE,EQ,09-May-18,402.9,402.9,408.9,400.1,405.95,405.9,404.59,1420032,574530674.6,17459,338060,23.81
HEXAWARE,EQ,10-May-18,405.9,407.9,427.75,405.6,424,416.8,413.15,2675581,1105426720,33458,477100,17.83
HEXAWARE,EQ,11-May-18,416.8,420,454.95,417.5,446.2,442.7,430.64,3339272,1438014126,40677,417195,12.49
HEXAWARE,EQ,14-May-18,442.7,440,440,420.3,423,429.7,427.67,2020054,863919856.1,25788,134526,6.66
HEXAWARE,EQ,15-May-18,429.7,423.1,435.7,415.15,421,419.85,426.95,1471066,628069400.1,20691,166183,11.3
HEXAWARE,EQ,16-May-18,419.85,420.7,437.5,419.35,434.3,434.25,429.81,1699183,730322671.5,21411,184204,10.84
HEXAWARE,EQ,17-May-18,434.25,436,438,420.35,427.55,426.95,426.86,1459532,623016432.2,20341,313866,21.5
HEXAWARE,EQ,18-May-18,426.95,427,431,422.1,424.35,425.8,426.25,933493,397900959.1,16935,145539,15.59
HEXAWARE,EQ,21-May-18,425.8,424,429.3,420.5,426.55,426.35,425.18,749649,318733151.7,11759,83331,11.12
HEXAWARE,EQ,22-May-18,426.35,426,431.15,412.8,417.6,419.15,419.91,954234,400697086.6,18338,143364,15.02
HEXAWARE,EQ,23-May-18,419.15,419,439.6,417.25,425,424.05,430.79,1557328,670874079.4,21437,146414,9.4
HEXAWARE,EQ,24-May-18,424.05,425.05,436.6,424.55,433.85,432.85,432.1,740941,320159619.7,11783,74270,10.02
HEXAWARE,EQ,25-May-18,432.85,433.9,449.5,433.9,443.5,443.8,444.8,1899717,844995087.6,29441,149704,7.88
HEXAWARE,EQ,28-May-18,443.8,445,445,431.2,436,435.6,435.98,727503,317173439.1,10101,87831,12.07
HEXAWARE,EQ,29-May-18,435.6,438.95,459.3,435.6,443.15,442.9,448.59,2638474,1183605574,35065,169903,6.44
HEXAWARE,EQ,30-May-18,442.9,441.5,452.8,438.25,444.95,445.3,444.9,1360142,605131026.9,19989,175217,12.88
HEXAWARE,EQ,31-May-18,445.3,446.25,452.5,436.1,436.9,439.1,444.59,1659960,738007712.4,21696,321518,19.37
HEXAWARE,EQ,01-Jun-18,439.1,436.95,443.7,426.3,438.45,434.55,434.57,1305599,567371516.2,18542,121776,9.33
HEXAWARE,EQ,04-Jun-18,434.55,438.45,447,431.55,444.55,443.5,439.3,978217,429733950.9,15244,172114,17.59
HEXAWARE,EQ,05-Jun-18,443.5,441.5,445.95,403.3,412.95,414.45,419.34,2781861,1166556975,38372,331449,11.91
HEXAWARE,EQ,06-Jun-18,414.45,412.95,428.85,400.55,427,426.4,416.3,2505890,1043199123,34084,179313,7.16
HEXAWARE,EQ,07-Jun-18,426.4,426.5,433.9,422.45,430.1,430.15,428.97,949347,407241192.7,14105,75894,7.99
HEXAWARE,EQ,08-Jun-18,430.15,427.95,438,426.1,432,432.1,432,942400,407120030.3,12057,62324,6.61
HEXAWARE,EQ,11-Jun-18,432.1,435.8,437.2,430.45,433.15,433.35,433.76,528144,229089532.6,9063,70370,13.32
HEXAWARE,EQ,12-Jun-18,433.35,434,443.8,433,440.4,441.7,440.47,1043127,459469433.9,19277,272173,26.09
HEXAWARE,EQ,13-Jun-18,441.7,443,445,432.05,435.5,435,437.58,552050,241568694,8357,77858,14.1
HEXAWARE,EQ,14-Jun-18,435,433,457,433,456,448.55,441.31,1219702,538264482,23642,354770,29.09
HEXAWARE,EQ,15-Jun-18,448.55,451.95,454.9,442.05,442.35,444.45,448.16,1465848,656941412,23299,250074,17.06
HEXAWARE,EQ,18-Jun-18,444.45,439.15,445.7,428.45,437.9,436,436.94,1019239,445348460.6,16271,103402,10.15
HEXAWARE,EQ,19-Jun-18,436,437.95,441.55,430.3,433.3,433.7,434.59,746366,324360727.7,17052,81445,10.91
HEXAWARE,EQ,20-Jun-18,433.7,436,437.15,429.35,430.7,432.2,432.57,673653,291399448.5,14491,72046,10.69
HEXAWARE,EQ,21-Jun-18,432.2,433.3,440.1,431.75,434.4,436,436.77,954975,417104978.5,16712,167578,17.55
HEXAWARE,EQ,22-Jun-18,436,435.8,445.3,428,441.5,441.8,437,933920,408118569.2,16533,183822,19.68
HEXAWARE,EQ,25-Jun-18,441.8,439.95,445.95,436.2,441.85,439.8,440.03,610010,268419833.3,7775,69732,11.43
HEXAWARE,EQ,26-Jun-18,439.8,439.5,468,434.5,467,462.8,453.19,2594232,1175678049,35603,244062,9.41
HEXAWARE,EQ,27-Jun-18,462.8,468,475,462.55,466.35,468.35,469.59,4847488,2276310286,78524,401071,8.27
HEXAWARE,EQ,28-Jun-18,468.35,467.6,467.6,448.2,456.7,458.3,455.2,2080261,946943539.2,32548,115052,5.53
HEXAWARE,EQ,29-Jun-18,458.3,456.7,461.65,445.5,458,458.15,452.74,1206377,546171792.8,15766,97059,8.05
HEXAWARE,EQ,02-Jul-18,458.15,456,467.85,455.4,459,461.2,462.05,1018000,470370510,14859,65366,6.42
HEXAWARE,EQ,03-Jul-18,461.2,461.75,470.9,453.75,468.45,468.35,463.84,932875,432706633.1,12842,82017,8.79
HEXAWARE,EQ,04-Jul-18,468.35,467.85,469.55,459.4,462.7,461.7,464.11,693474,321849255.2,11747,65633,9.46
HEXAWARE,EQ,05-Jul-18,461.7,458.1,460.85,442.4,445.45,445.95,451.85,768234,347123890.2,14878,155943,20.3
HEXAWARE,EQ,06-Jul-18,445.95,443.65,456.4,441,449.45,450.35,449.58,1089528,489830145,16848,128552,11.8
HEXAWARE,EQ,09-Jul-18,450.35,450.35,557.7,449.45,553.8,512.3,503.95,6747445,3400345538,61575,1253252,18.57
HEXAWARE,EQ,10-Jul-18,512.3,520,520,481.2,489,488.3,495.79,10526715,5219036291,137070,954727,9.07
HEXAWARE,EQ,11-Jul-18,488.3,490,501.9,485,487.75,487.25,494.39,4520625,2234966752,66021,362256,8.01
HEXAWARE,EQ,12-Jul-18,487.25,490.25,509.5,483.35,492.8,494.75,495.6,3243317,1607373424,44186,366382,11.3
HEXAWARE,EQ,13-Jul-18,494.75,495,503.9,487,497.1,499.7,497.23,3205227,1593719668,47535,390527,12.18
HEXAWARE,EQ,16-Jul-18,499.7,496,506.6,495,500,500.25,501.96,1918650,963076527.6,30629,205572,10.71
HEXAWARE,EQ,17-Jul-18,500.25,501,515.5,497.4,505.6,505.95,508.79,2940038,1495857385,37969,246899,8.4
HEXAWARE,EQ,18-Jul-18,505.95,507.6,511.15,494.2,500,502.8,502.06,1737537,872347058,24256,376527,21.67
HEXAWARE,EQ,19-Jul-18,502.8,501,501.9,481.1,483.5,485.6,488.66,1167566,570540826.7,15168,100894,8.64
HEXAWARE,EQ,20-Jul-18,485.6,480,504.9,476.65,500.85,502.4,494.84,2060285,1019502377,25289,258686,12.56
HEXAWARE,EQ,23-Jul-18,502.4,505,507.8,493.3,504.2,504,501.34,979431,491023271.5,13460,87725,8.96
HEXAWARE,EQ,24-Jul-18,504,504,510,486.3,493,496.1,501.16,1972850,988710208.6,30760,187610,9.51
HEXAWARE,EQ,25-Jul-18,496.1,466,475.7,450.65,454.1,456.45,459.99,8260994,3799965081,100623,592877,7.18
HEXAWARE,EQ,26-Jul-18,456.45,455,465,450,451.6,452.25,455.9,2421404,1103908984,27703,425738,17.58
HEXAWARE,EQ,27-Jul-18,452.25,455,463.45,450,457,458.1,457.44,1495438,684073062.2,23917,192163,12.85
HEXAWARE,EQ,30-Jul-18,458.1,459.7,463,454.1,462,458.55,458.76,917895,421093772.6,12272,109349,11.91
HEXAWARE,EQ,31-Jul-18,458.55,459.7,469.5,459.45,465.7,465.2,465.53,1466886,682873032,18601,233846,15.94
HEXAWARE,EQ,01-Aug-18,465.2,466,471,461,465.2,466,466.54,948754,442632636.3,12172,139964,14.75
HEXAWARE,EQ,02-Aug-18,466,465.2,482,465.2,475,474.5,476.41,1919421,914440934.7,30447,336065,17.51
HEXAWARE,EQ,03-Aug-18,474.5,476,478.7,468.2,473.25,473.55,472.44,1048141,495187661.5,18795,266975,25.47
HEXAWARE,EQ,06-Aug-18,473.55,476,477.85,459.2,466.7,466.9,468.33,885579,414741499.8,14571,241827,27.31
HEXAWARE,EQ,07-Aug-18,466.9,467,481.4,457.55,472.45,474.05,468.77,1218550,571220574.8,18299,286971,23.55
HEXAWARE,EQ,08-Aug-18,474.05,470.1,483.5,470.1,479,478.45,479.1,1304901,625180017.8,19710,361389,27.69
HEXAWARE,EQ,09-Aug-18,478.45,479,483.3,460.7,464.15,462.75,466.96,984926,459917631.2,15919,280575,28.49
HEXAWARE,EQ,10-Aug-18,462.75,463.5,475,462.8,472.1,471.8,469.18,898532,421571363.7,14236,219864,24.47
HEXAWARE,EQ,13-Aug-18,471.8,473,487.8,472,485.05,482.25,483.71,2598758,1257038534,38987,398942,15.35
HEXAWARE,EQ,14-Aug-18,482.25,485.5,490,478.9,482.1,483.75,485.02,1371984,665441693.5,22886,163698,11.93
HEXAWARE,EQ,16-Aug-18,483.75,484,490.45,480.75,482.6,482.8,485.86,854784,415306691.1,12924,118841,13.9
HEXAWARE,EQ,17-Aug-18,482.8,485.95,489,475.35,487.2,487.5,483.42,1035014,500351038.6,15801,110032,10.63
HEXAWARE,EQ,20-Aug-18,487.5,485,499.4,485,492.95,493.9,494.59,1592204,787482351.8,21974,180597,11.34
HEXAWARE,EQ,21-Aug-18,493.9,495.9,500.65,487.45,491.35,491.05,496.39,1534202,761556652.3,19926,175699,11.45
HEXAWARE,EQ,23-Aug-18,491.05,493.2,500.9,491.45,496.75,496.7,496.52,948868,471130046.2,12675,264834,27.91
HEXAWARE,EQ,24-Aug-18,496.7,452,452.2,401.1,425.4,426.15,435.95,66105294,28818819313,339676,25218864,38.15
HEXAWARE,EQ,27-Aug-18,426.15,431.8,434.6,423.25,424.35,427.15,430.46,6684065,2877192625,74218,1934630,28.94
HEXAWARE,EQ,28-Aug-18,427.15,426.8,430,417,419.45,419.4,423.69,3184354,1349172902,48161,883688,27.75
HEXAWARE,EQ,29-Aug-18,419.4,420.95,434.4,413.65,430.15,431.55,426.35,7172011,3057802163,109299,2087425,29.11
HEXAWARE,EQ,30-Aug-18,431.55,433.6,434.95,425.45,432,432.8,430.96,3830412,1650759412,92271,1559355,40.71
HEXAWARE,EQ,31-Aug-18,432.8,434,445.1,432.9,438.05,438.8,439.44,4909045,2157214053,82100,2305290,46.96
HEXAWARE,EQ,03-Sep-18,438.8,441.8,445.75,428.3,432,429.95,439.83,2646510,1164024857,39264,1209471,45.7
HEXAWARE,EQ,04-Sep-18,429.95,433.4,436.3,423,427.3,426.65,431.15,1251761,539700161,21362,201527,16.1
HEXAWARE,EQ,05-Sep-18,426.65,429.7,445.15,428,440.25,439.65,439.66,4085795,1796362235,71796,1381911,33.82
HEXAWARE,EQ,06-Sep-18,439.65,442,446,435.1,443.7,443.35,441.61,1938200,855924691.7,30014,832096,42.93
HEXAWARE,EQ,07-Sep-18,443.35,446.3,446.75,440.2,441,441.85,443.1,1053219,466684532.8,24233,267728,25.42
HEXAWARE,EQ,10-Sep-18,441.85,440.8,462.75,440,455,455.7,456.84,5860888,2677504522,83734,1878704,32.05
HEXAWARE,EQ,11-Sep-18,455.7,461,471.85,451.2,452.8,454.1,462.61,5137136,2376493575,75635,930217,18.11
HEXAWARE,EQ,12-Sep-18,454.1,455.1,464.8,453.2,460.2,461,460.36,2520290,1160247936,70439,582676,23.12
HEXAWARE,EQ,14-Sep-18,461,464,470.5,455.25,467.7,467.65,464.28,1914984,889091494.9,28109,479120,25.02
HEXAWARE,EQ,17-Sep-18,467.65,467.5,475.35,462.35,467.8,465.4,469.95,1648729,774819783.1,26749,191397,11.61
HEXAWARE,EQ,18-Sep-18,465.4,468,468.45,460.8,463.6,463.4,464.2,636169,295307855.5,8318,131508,20.67
HEXAWARE,EQ,19-Sep-18,463.4,465,467.25,453.35,455.45,456.25,457.8,639655,292836425.3,10788,146863,22.96
HEXAWARE,EQ,21-Sep-18,456.25,453.8,460.9,429.85,445.1,444.45,449.62,1167604,524979138,18124,425757,36.46
HEXAWARE,EQ,24-Sep-18,444.45,443,454.7,438,448.9,450.5,446.77,979065,437412650.1,23874,246954,25.22
HEXAWARE,EQ,25-Sep-18,450.5,447,453.8,429.3,442.35,443.75,444.11,980155,435293248.9,17836,281592,28.73
HEXAWARE,EQ,26-Sep-18,443.75,444.05,447.9,418,436.9,435.85,431.7,1873072,808609177.1,27641,478327,25.54
HEXAWARE,EQ,27-Sep-18,435.85,438,440.9,431.05,435.65,435.5,436.09,1176478,513052326.5,22499,472910,40.2
HEXAWARE,EQ,28-Sep-18,435.5,438.7,443.9,421.45,425.5,428.85,431.94,1493449,645075724.5,35654,436137,29.2
HEXAWARE,EQ,01-Oct-18,428.85,425.05,434.1,408.45,430,431.55,424.51,1510528,641239934.6,26749,592216,39.21
HEXAWARE,EQ,03-Oct-18,431.55,435.9,459.4,430.05,431.15,433.9,437.99,2203202,964971243.9,46404,660099,29.96
HEXAWARE,EQ,04-Oct-18,433.9,431,431.8,405,405,408.9,417.09,1497192,624467620.3,32773,347773,23.23
HEXAWARE,EQ,05-Oct-18,408.9,399,413,391.15,405.75,408.95,404.02,1839671,743261681,38072,516418,28.07
HEXAWARE,EQ,08-Oct-18,408.95,408,414.95,395.5,404,406.55,407.2,889831,362341444.3,32079,193054,21.7
HEXAWARE,EQ,09-Oct-18,406.55,408.7,409.45,380,390,390.9,391.31,2144938,839329660.4,40456,443320,20.67
HEXAWARE,EQ,10-Oct-18,390.9,390.9,406.5,381.05,404.8,404.4,399.51,1201356,479959634.9,27043,284505,23.68
HEXAWARE,EQ,11-Oct-18,404.4,380,394.9,372.7,384.45,384.65,384.29,2443652,939065888.9,41748,637396,26.08
HEXAWARE,EQ,12-Oct-18,384.65,393.7,395.15,377.25,389.5,388.75,385.76,1474600,568840171.2,24207,183033,12.41
HEXAWARE,EQ,15-Oct-18,388.75,397.5,407.4,392.15,397.55,395.65,398.83,1530536,610430128.4,25598,167126,10.92
HEXAWARE,EQ,16-Oct-18,395.65,398.1,402,394.55,395.5,395.55,396.65,784155,311033481.9,21830,256266,32.68
HEXAWARE,EQ,17-Oct-18,395.55,401.7,403,391,391.75,394.7,395.97,659454,261125746.8,13082,136044,20.63
HEXAWARE,EQ,19-Oct-18,394.7,390.5,390.5,372.65,377.5,379,378.76,2135960,809024324.5,73244,587734,27.52
HEXAWARE,EQ,22-Oct-18,379,378,380.25,371.15,375.35,374.9,376.15,1172545,441055923.3,32226,302324,25.78
HEXAWARE,EQ,23-Oct-18,374.9,370,374,345.25,354.85,355.6,355.36,2674738,950484911.8,59256,513027,19.18
HEXAWARE,EQ,24-Oct-18,355.6,356.5,362,342,355,350.9,350.32,1861706,652195896.1,35746,387128,20.79
HEXAWARE,EQ,25-Oct-18,350.9,324,337.8,316.55,331.1,331.6,330.49,3863490,1276856593,88396,975049,25.24
HEXAWARE,EQ,26-Oct-18,331.6,334.6,334.6,316,322.9,321.2,322.8,2287761,738481026.6,39199,723907,31.64
HEXAWARE,EQ,29-Oct-18,321.2,323,324.55,308.3,314,313.05,312.14,1843569,575459105,33155,308798,16.75
HEXAWARE,EQ,30-Oct-18,313.05,314.05,327.95,314,325.05,324.95,321.96,1511224,486549874.2,38814,310273,20.53
HEXAWARE,EQ,31-Oct-18,324.95,327.7,340.9,324.1,334.55,335.4,333.73,1953165,651839395.4,30259,327685,16.78
HEXAWARE,EQ,01-Nov-18,335.4,336,338.25,319.15,321.4,320.7,324.68,2377735,772009940.1,60682,1016324,42.74
HEXAWARE,EQ,02-Nov-18,320.7,322.25,323.6,309.1,313,311.6,316.24,2685846,849369052.2,59655,1114380,41.49
HEXAWARE,EQ,05-Nov-18,311.6,310.05,320.75,308.5,314,313.05,314.69,1737038,546631152.3,30198,406749,23.42
HEXAWARE,EQ,06-Nov-18,313.05,315.1,319.6,309.75,310.8,312,314.19,1341546,421494352.7,19727,421149,31.39
HEXAWARE,EQ,07-Nov-18,312,315,316,310.25,312.35,312.4,313.09,272182,85216903.8,3192,66783,24.54
HEXAWARE,EQ,09-Nov-18,312.4,313,321.55,311.5,319.5,319.9,316.31,1232541,389866020.4,34724,376661,30.56
HEXAWARE,EQ,12-Nov-18,319.9,322,326.65,315.25,316.3,316.5,321.52,2536743,815615695.5,42778,1254618,49.46
HEXAWARE,EQ,13-Nov-18,316.5,316.95,320.25,312,315.2,315.7,315.6,1024700,323400290.9,15181,237081,23.14
HEXAWARE,EQ,14-Nov-18,315.7,316,321.75,310,318,318.15,316.3,1215078,384331448.7,23608,260124,21.41
HEXAWARE,EQ,15-Nov-18,318.15,320.2,324,313.45,314,315.5,317.43,979413,310897043.3,20262,303815,31.02
HEXAWARE,EQ,16-Nov-18,315.5,316.75,316.8,305,308.4,309.2,309.19,2101702,649834258.5,40500,728659,34.67
HEXAWARE,EQ,19-Nov-18,309.2,310,316,308.55,313.15,312.9,312.99,1028439,321890538.4,18488,203824,19.82
HEXAWARE,EQ,20-Nov-18,312.9,312.8,315,307.15,309.25,308.75,311.54,1451455,452182705,31901,602468,41.51
HEXAWARE,EQ,21-Nov-18,308.75,310.25,310.25,301.1,303,303.8,303.41,1951757,592183101.7,42866,501294,25.68
HEXAWARE,EQ,22-Nov-18,303.8,303.75,310.85,303,305.4,307.4,307.01,1100593,337889425.5,22815,280119,25.45
HEXAWARE,EQ,26-Nov-18,307.4,305.4,314.35,294.3,310.5,310.9,302.55,2282399,690538799,35802,411525,18.03
HEXAWARE,EQ,27-Nov-18,310.9,313.4,316.9,306.2,306.9,308.05,310.22,1477634,458393782,37857,285220,19.3
HEXAWARE,EQ,28-Nov-18,308.05,308.45,315.3,306,311.45,311.5,311.52,1239665,386185791.9,17230,273255,22.04
HEXAWARE,EQ,29-Nov-18,311.5,315,319.5,308.8,315.65,314.5,315.49,1390806,438784256.4,32596,372683,26.8
HEXAWARE,EQ,30-Nov-18,314.5,316,329,313.45,323.3,323.95,323.45,2188045,707716451.2,42943,694922,31.76
HEXAWARE,EQ,03-Dec-18,323.95,325.95,329.8,318.75,327.15,327.1,325.31,1537371,500125430.9,25816,366013,23.81
HEXAWARE,EQ,04-Dec-18,327.1,328.45,334.9,324.5,331.85,331.4,331.93,2265508,751995294.2,41769,613576,27.08
HEXAWARE,EQ,05-Dec-18,331.4,331.35,333.9,320.4,325,325,326.31,1439740,469799862.6,20715,378174,26.27
HEXAWARE,EQ,06-Dec-18,325,322.9,326,316.55,319,320.65,321.37,1575708,506380909.2,54056,689243,43.74
HEXAWARE,EQ,07-Dec-18,320.65,320.5,321.1,311.15,316.6,316.05,316.11,1427998,451410653.2,42177,384095,26.9
HEXAWARE,EQ,10-Dec-18,316.05,311,321.95,309.7,318.2,317.45,316.68,1356774,429669416.8,31050,535036,39.43
HEXAWARE,EQ,11-Dec-18,317.45,312,335,312,332.1,332,328.94,2090441,687626135.4,49888,420236,20.1
HEXAWARE,EQ,12-Dec-18,332,334.05,338.5,326.5,330.1,330.05,332.37,2243158,745558541.8,27259,435976,19.44
HEXAWARE,EQ,13-Dec-18,330.05,333,337.75,329.05,331.25,330.8,333.22,1068014,355888282.5,18828,228399,21.39
HEXAWARE,EQ,14-Dec-18,330.8,329.1,334.5,323.75,327.8,328.1,329.23,901424,296776677.9,15107,168716,18.72
HEXAWARE,EQ,17-Dec-18,328.1,330.1,331.9,324.4,329.3,330.9,328.45,641422,210673083.4,9462,97337,15.18
HEXAWARE,EQ,18-Dec-18,330.9,330,341,328.5,336,335.65,336.62,2030695,683576389,33459,553276,27.25
HEXAWARE,EQ,19-Dec-18,335.65,336.3,337.7,328.45,328.55,329.65,331.5,993972,329502301.5,18527,258165,25.97
HEXAWARE,EQ,20-Dec-18,329.65,327.7,331.8,319.5,321.8,321.6,326.39,1217448,397364811.5,21147,359802,29.55
HEXAWARE,EQ,21-Dec-18,321.6,323,324.5,312.55,313.7,314.75,318.79,1178934,375836773,43406,389283,33.02
HEXAWARE,EQ,24-Dec-18,314.75,315.5,318.9,311.85,314.1,315,315.26,942066,296995781.3,16416,267494,28.39
HEXAWARE,EQ,26-Dec-18,315,313,316.95,307.4,316.7,315.75,311.66,741835,231199166.9,8717,135412,18.25
HEXAWARE,EQ,27-Dec-18,315.75,319.7,327.45,316.8,325.8,325.1,322.58,1182016,381289909.7,17816,269053,22.76
HEXAWARE,EQ,28-Dec-18,325.1,326,333.85,326,329.75,329.95,330.87,1247169,412650294.1,21249,211455,16.95
HEXAWARE,EQ,31-Dec-18,329.95,330.95,334.2,329.55,332.2,332.9,332.11,739629,245635907.2,9330,115534,15.62
HEXAWARE,EQ,01-Jan-19,332.9,333.85,333.85,329.65,332,332.3,331.65,470450,156022665.5,6862,58296,12.39
HEXAWARE,EQ,02-Jan-19,332.3,331.75,341.25,329.1,330,330.75,335.96,2016439,677450391.4,28750,233095,11.56
HEXAWARE,EQ,03-Jan-19,330.75,332.8,334.95,327,330,330.6,330.56,1131624,374066208,18170,312244,27.59
HEXAWARE,EQ,04-Jan-19,330.6,332.9,333.6,319.25,333.6,331.85,324.83,1706717,554385979.3,29909,493735,28.93
HEXAWARE,EQ,07-Jan-19,331.85,335.95,335.95,329.65,331,331.5,331.71,696145,230921226.4,10899,202373,29.07
HEXAWARE,EQ,08-Jan-19,331.5,333.4,333.4,327.5,327.6,328.9,329.79,444104,146461424.4,14412,209673,47.21
HEXAWARE,EQ,09-Jan-19,328.9,329,333.3,327.3,328.4,329.35,330.07,793764,261999374.9,33527,363351,45.78
HEXAWARE,EQ,10-Jan-19,329.35,328.5,330.8,319.3,319.85,320.35,326.66,1314604,429427159.7,15213,743117,56.53
HEXAWARE,EQ,11-Jan-19,320.35,320,326.45,312.2,324,325.15,317.53,2309306,733270528.7,31148,466184,20.19
HEXAWARE,EQ,14-Jan-19,325.15,326,326.55,314.35,314.5,316.15,319.21,1136102,362651955,23425,315567,27.78
HEXAWARE,EQ,15-Jan-19,316.15,316.2,323,313.55,319.5,319.7,318.92,1906924,608150855.1,26211,931449,48.85
HEXAWARE,EQ,16-Jan-19,319.7,318.9,326.8,317.7,324.7,323.45,323.31,800826,258918282.4,20743,250689,31.3
HEXAWARE,EQ,17-Jan-19,323.45,323,327.7,319.2,324.2,324.85,323.49,1500383,485362970.1,21241,515842,34.38
HEXAWARE,EQ,18-Jan-19,324.85,325,326.9,321.65,325,325.15,324.68,689455,223850511.4,13594,183150,26.56
HEXAWARE,EQ,21-Jan-19,325.15,324.05,334.5,323.9,326.1,325.85,329.21,1423898,468757898.8,20649,216316,15.19
HEXAWARE,EQ,22-Jan-19,325.85,326.45,333,322.5,332.15,331.6,327.78,927404,303984960.8,24498,204670,22.07
HEXAWARE,EQ,23-Jan-19,331.6,333,336.35,329.45,331.7,333.1,333.03,1018253,339109368,19587,279370,27.44
HEXAWARE,EQ,24-Jan-19,333.1,333.5,333.55,325.4,326.8,326.35,329.19,1147157,377628234.9,19367,460441,40.14
HEXAWARE,EQ,25-Jan-19,326.35,326.5,328.8,322,322,324,325.04,1193798,388036491.3,37326,532155,44.58
HEXAWARE,EQ,28-Jan-19,324,322.8,323.7,312.25,318.05,319.6,318.53,1386777,441731247.9,29581,754254,54.39
HEXAWARE,EQ,29-Jan-19,319.6,319,323.9,315.55,321.65,322.25,320.57,721055,231150007.8,14892,173500,24.06
HEXAWARE,EQ,30-Jan-19,322.25,322.5,334.95,317.4,323,322.6,322.57,1109975,358040243.6,30287,300343,27.06
HEXAWARE,EQ,31-Jan-19,322.6,320,347.75,312.7,340,342.6,337.11,7042767,2374200983,84415,1196336,16.99
HEXAWARE,EQ,01-Feb-19,342.6,339.2,356.2,339.2,349,349.6,349.74,2930714,1024981796,52751,456119,15.56
HEXAWARE,EQ,04-Feb-19,349.6,352.5,361.5,348.55,354.3,354.9,355.32,2070572,735714625.9,36951,397740,19.21
HEXAWARE,EQ,05-Feb-19,354.9,354.8,362.9,349.6,358,356.35,356.65,1884180,671993715.5,29846,401526,21.31
HEXAWARE,EQ,06-Feb-19,356.35,356.4,363.45,353.15,361.85,361.85,358.07,990831,354784261,17973,237861,24.01
HEXAWARE,EQ,07-Feb-19,361.85,361.85,365.5,354,355.25,355.35,359.63,1050016,377620603.4,17085,302719,28.83
HEXAWARE,EQ,08-Feb-19,355.35,351,362.7,350.25,357.2,356.1,358.35,1308731,468980146.4,25771,401482,30.68
HEXAWARE,EQ,11-Feb-19,356.1,356,358.3,350,354.6,354.6,354.6,656642,232847632.1,12717,157729,24.02
HEXAWARE,EQ,12-Feb-19,354.6,354.6,362.4,349.15,359.35,358.55,356.13,811059,288845240,16160,127351,15.7
HEXAWARE,EQ,13-Feb-19,358.55,360,369.85,356.6,368.1,367.9,364.47,2165558,789277875.8,36608,669442,30.91
HEXAWARE,EQ,14-Feb-19,367.9,372,372,363,367,368.15,368.35,1725944,635751181.8,27221,304622,17.65
HEXAWARE,EQ,15-Feb-19,368.15,366,368.45,357.6,358.9,359.7,362.1,598328,216656301.4,10443,61260,10.24
HEXAWARE,EQ,18-Feb-19,359.7,359.8,360.65,350.6,353.25,353.05,354.02,822329,291118860.6,19725,166569,20.26
HEXAWARE,EQ,19-Feb-19,353.05,354,356,350.6,354.6,353.8,353.75,486912,172246893.6,11425,59701,12.26
HEXAWARE,EQ,20-Feb-19,353.8,354.25,359,352.55,356.05,356.6,356.42,833720,297156621,18382,190659,22.87
HEXAWARE,EQ,21-Feb-19,356.6,356.6,356.85,351.95,353.1,353.3,353.97,546428,193418146.6,14371,110368,20.2
HEXAWARE,EQ,22-Feb-19,353.3,353.2,360.15,352.05,357.8,358.05,356.56,494656,176372101.6,7558,45135,9.12
HEXAWARE,EQ,25-Feb-19,358.05,357.2,361.6,352.5,353,353.7,355.3,497918,176911996.3,13116,136152,27.34
HEXAWARE,EQ,26-Feb-19,353.7,350,354.4,342.05,353,353.9,349.21,1298802,453560701.7,18062,382839,29.48
HEXAWARE,EQ,27-Feb-19,353.9,354,357.95,343.8,347.1,347.3,348.99,985642,343979174.7,28176,312070,31.66
HEXAWARE,EQ,28-Feb-19,347.3,350,356,347.4,355.5,354.7,352.27,678170,238900828.4,15042,201422,29.7